{"results": {"sandag1example.atwork_subtour_destination.time_component": {"result": [14.9908784], "samples": [[14.9908784]], "stats": [{"ci_99": [-Infinity, Infinity], "q_25": 14.9908784, "q_75": 14.9908784, "min": 14.9908784, "max": 14.9908784, "mean": 14.9908784, "std": 0.0, "repeat": 1, "number": 1}]}, "sandag1example.atwork_subtour_frequency.time_component": {"result": [1.5051916000000007], "samples": [[1.5051916000000007]], "stats": [{"ci_99": [-Infinity, Infinity], "q_25": 1.5051916000000007, "q_75": 1.5051916000000007, "min": 1.5051916000000007, "max": 1.5051916000000007, "mean": 1.5051916000000007, "std": 0.0, "repeat": 1, "number": 1}]}, "sandag1example.atwork_subtour_mode_choice.time_component": {"result": [3.6427074999999993], "samples": [[3.6427074999999993]], "stats": [{"ci_99": [-Infinity, Infinity], "q_25": 3.6427074999999993, "q_75": 3.6427074999999993, "min": 3.6427074999999993, "max": 3.6427074999999993, "mean": 3.6427074999999993, "std": 0.0, "repeat": 1, "number": 1}]}, "sandag1example.atwork_subtour_scheduling.time_component": {"result": [3.7505075999999997], "samples": [[3.7505075999999997]], "stats": [{"ci_99": [-Infinity, Infinity], "q_25": 3.7505075999999997, "q_75": 3.7505075999999997, "min": 3.7505075999999997, "max": 3.7505075999999997, "mean": 3.7505075999999997, "std": 0.0, "repeat": 1, "number": 1}]}, "sandag1example.auto_ownership_simulate.time_component": {"result": [0.5065519999999997], "samples": [[0.5065519999999997]], "stats": [{"ci_99": [-Infinity, Infinity], "q_25": 0.5065519999999997, "q_75": 0.5065519999999997, "min": 0.5065519999999997, "max": 0.5065519999999997, "mean": 0.5065519999999997, "std": 0.0, "repeat": 1, "number": 1}]}, "sandag1example.cdap_simulate.time_component": {"result": [9.9242119], "samples": [[9.9242119]], "stats": [{"ci_99": [-Infinity, Infinity], "q_25": 9.9242119, "q_75": 9.9242119, "min": 9.9242119, "max": 9.9242119, "mean": 9.9242119, "std": 0.0, "repeat": 1, "number": 1}]}, "sandag1example.free_parking.time_component": {"result": [0.9300622000000001], "samples": [[0.9300622000000001]], "stats": [{"ci_99": [-Infinity, Infinity], "q_25": 0.9300622000000001, "q_75": 0.9300622000000001, "min": 0.9300622000000001, "max": 0.9300622000000001, "mean": 0.9300622000000001, "std": 0.0, "repeat": 1, "number": 1}]}, "sandag1example.joint_tour_composition.time_component": {"result": [0.36726699999999957], "samples": [[0.36726699999999957]], "stats": [{"ci_99": [-Infinity, Infinity], "q_25": 0.36726699999999957, "q_75": 0.36726699999999957, "min": 0.36726699999999957, "max": 0.36726699999999957, "mean": 0.36726699999999957, "std": 0.0, "repeat": 1, "number": 1}]}, "sandag1example.joint_tour_destination.time_component": {"result": [12.5860254], "samples": [[12.5860254]], "stats": [{"ci_99": [-Infinity, Infinity], "q_25": 12.5860254, "q_75": 12.5860254, "min": 12.5860254, "max": 12.5860254, "mean": 12.5860254, "std": 0.0, "repeat": 1, "number": 1}]}, "sandag1example.joint_tour_frequency.time_component": {"result": [1.149375], "samples": [[1.149375]], "stats": [{"ci_99": [-Infinity, Infinity], "q_25": 1.149375, "q_75": 1.149375, "min": 1.149375, "max": 1.149375, "mean": 1.149375, "std": 0.0, "repeat": 1, "number": 1}]}, "sandag1example.joint_tour_participation.time_component": {"result": [9.2189552], "samples": [[9.2189552]], "stats": [{"ci_99": [-Infinity, Infinity], "q_25": 9.2189552, "q_75": 9.2189552, "min": 9.2189552, "max": 9.2189552, "mean": 9.2189552, "std": 0.0, "repeat": 1, "number": 1}]}, "sandag1example.joint_tour_scheduling.time_component": {"result": [2.8256273], "samples": [[2.8256273]], "stats": [{"ci_99": [-Infinity, Infinity], "q_25": 2.8256273, "q_75": 2.8256273, "min": 2.8256273, "max": 2.8256273, "mean": 2.8256273, "std": 0.0, "repeat": 1, "number": 1}]}, "sandag1example.mandatory_tour_frequency.time_component": {"result": [1.8576621000000002], "samples": [[1.8576621000000002]], "stats": [{"ci_99": [-Infinity, Infinity], "q_25": 1.8576621000000002, "q_75": 1.8576621000000002, "min": 1.8576621000000002, "max": 1.8576621000000002, "mean": 1.8576621000000002, "std": 0.0, "repeat": 1, "number": 1}]}, "sandag1example.mandatory_tour_scheduling.time_component": {"result": [165.9499481], "samples": [[165.9499481]], "stats": [{"ci_99": [-Infinity, Infinity], "q_25": 165.9499481, "q_75": 165.9499481, "min": 165.9499481, "max": 165.9499481, "mean": 165.9499481, "std": 0.0, "repeat": 1, "number": 1}]}, "sandag1example.non_mandatory_tour_destination.time_component": {"result": [124.805038], "samples": [[124.805038]], "stats": [{"ci_99": [-Infinity, Infinity], "q_25": 124.805038, "q_75": 124.805038, "min": 124.805038, "max": 124.805038, "mean": 124.805038, "std": 0.0, "repeat": 1, "number": 1}]}, "sandag1example.non_mandatory_tour_frequency.time_component": {"result": [38.2829852], "samples": [[38.2829852]], "stats": [{"ci_99": [-Infinity, Infinity], "q_25": 38.2829852, "q_75": 38.2829852, "min": 38.2829852, "max": 38.2829852, "mean": 38.2829852, "std": 0.0, "repeat": 1, "number": 1}]}, "sandag1example.non_mandatory_tour_scheduling.time_component": {"result": [55.0240305], "samples": [[55.0240305]], "stats": [{"ci_99": [-Infinity, Infinity], "q_25": 55.0240305, "q_75": 55.0240305, "min": 55.0240305, "max": 55.0240305, "mean": 55.0240305, "std": 0.0, "repeat": 1, "number": 1}]}, "sandag1example.school_location.time_component": {"result": [53.3149562], "samples": [[53.3149562]], "stats": [{"ci_99": [-Infinity, Infinity], "q_25": 53.3149562, "q_75": 53.3149562, "min": 53.3149562, "max": 53.3149562, "mean": 53.3149562, "std": 0.0, "repeat": 1, "number": 1}]}, "sandag1example.stop_frequency.time_component": {"result": [6.114453500000001], "samples": [[6.114453500000001]], "stats": [{"ci_99": [-Infinity, Infinity], "q_25": 6.114453500000001, "q_75": 6.114453500000001, "min": 6.114453500000001, "max": 6.114453500000001, "mean": 6.114453500000001, "std": 0.0, "repeat": 1, "number": 1}]}, "sandag1example.tour_mode_choice_simulate.time_component": {"result": [34.0303268], "samples": [[34.0303268]], "stats": [{"ci_99": [-Infinity, Infinity], "q_25": 34.0303268, "q_75": 34.0303268, "min": 34.0303268, "max": 34.0303268, "mean": 34.0303268, "std": 0.0, "repeat": 1, "number": 1}]}, "sandag1example.trip_destination.time_component": {"result": [213.8284232], "samples": [[213.8284232]], "stats": [{"ci_99": [-Infinity, Infinity], "q_25": 213.8284232, "q_75": 213.8284232, "min": 213.8284232, "max": 213.8284232, "mean": 213.8284232, "std": 0.0, "repeat": 1, "number": 1}]}, "sandag1example.trip_mode_choice.time_component": {"result": [45.5251714], "samples": [[45.5251714]], "stats": [{"ci_99": [-Infinity, Infinity], "q_25": 45.5251714, "q_75": 45.5251714, "min": 45.5251714, "max": 45.5251714, "mean": 45.5251714, "std": 0.0, "repeat": 1, "number": 1}]}, "sandag1example.trip_purpose.time_component": {"result": [0.8418899], "samples": [[0.8418899]], "stats": [{"ci_99": [-Infinity, Infinity], "q_25": 0.8418899, "q_75": 0.8418899, "min": 0.8418899, "max": 0.8418899, "mean": 0.8418899, "std": 0.0, "repeat": 1, "number": 1}]}, "sandag1example.trip_purpose_and_destination.time_component": {"result": [1.5486240999999996], "samples": [[1.5486240999999996]], "stats": [{"ci_99": [-Infinity, Infinity], "q_25": 1.5486240999999996, "q_75": 1.5486240999999996, "min": 1.5486240999999996, "max": 1.5486240999999996, "mean": 1.5486240999999996, "std": 0.0, "repeat": 1, "number": 1}]}, "sandag1example.trip_scheduling.time_component": {"result": [27.815089499999996], "samples": [[27.815089499999996]], "stats": [{"ci_99": [-Infinity, Infinity], "q_25": 27.815089499999996, "q_75": 27.815089499999996, "min": 27.815089499999996, "max": 27.815089499999996, "mean": 27.815089499999996, "std": 0.0, "repeat": 1, "number": 1}]}, "sandag1example.workplace_location.time_component": {"result": [89.2682642], "samples": [[89.2682642]], "stats": [{"ci_99": [-Infinity, Infinity], "q_25": 89.2682642, "q_75": 89.2682642, "min": 89.2682642,