{"results": {"mtc1full.atwork_subtour_destination.time_component": {"result": [13.8371189], "samples": [[13.8371189]], "stats": [{"ci_99": [-Infinity, Infinity], "q_25": 13.8371189, "q_75": 13.8371189, "min": 13.8371189, "max": 13.8371189, "mean": 13.8371189, "std": 0.0, "repeat": 1, "number": 1}]}, "mtc1full.atwork_subtour_frequency.time_component": {"result": [1.0769659000000047], "samples": [[1.0769659000000047]], "stats": [{"ci_99": [-Infinity, Infinity], "q_25": 1.0769659000000047, "q_75": 1.0769659000000047, "min": 1.0769659000000047, "max": 1.0769659000000047, "mean": 1.0769659000000047, "std": 0.0, "repeat": 1, "number": 1}]}, "mtc1full.atwork_subtour_mode_choice.time_component": {"result": [2.3854801000000023], "samples": [[2.3854801000000023]], "stats": [{"ci_99": [-Infinity, Infinity], "q_25": 2.3854801000000023, "q_75": 2.3854801000000023, "min": 2.3854801000000023, "max": 2.3854801000000023, "mean": 2.3854801000000023, "std": 0.0, "repeat": 1, "number": 1}]}, "mtc1full.atwork_subtour_scheduling.time_component": {"result": [2.895011700000005], "samples": [[2.895011700000005]], "stats": [{"ci_99": [-Infinity, Infinity], "q_25": 2.895011700000005, "q_75": 2.895011700000005, "min": 2.895011700000005, "max": 2.895011700000005, "mean": 2.895011700000005, "std": 0.0, "repeat": 1, "number": 1}]}, "mtc1full.auto_ownership_simulate.time_component": {"result": [0.47277370000000474], "samples": [[0.47277370000000474]], "stats": [{"ci_99": [-Infinity, Infinity], "q_25": 0.47277370000000474, "q_75": 0.47277370000000474, "min": 0.47277370000000474, "max": 0.47277370000000474, "mean": 0.47277370000000474, "std": 0.0, "repeat": 1, "number": 1}]}, "mtc1full.cdap_simulate.time_component": {"result": [7.870004900000005], "samples": [[7.870004900000005]], "stats": [{"ci_99": [-Infinity, Infinity], "q_25": 7.870004900000005, "q_75": 7.870004900000005, "min": 7.870004900000005, "max": 7.870004900000005, "mean": 7.870004900000005, "std": 0.0, "repeat": 1, "number": 1}]}, "mtc1full.free_parking.time_component": {"result": [0.6766606999999993], "samples": [[0.6766606999999993]], "stats": [{"ci_99": [-Infinity, Infinity], "q_25": 0.6766606999999993, "q_75": 0.6766606999999993, "min": 0.6766606999999993, "max": 0.6766606999999993, "mean": 0.6766606999999993, "std": 0.0, "repeat": 1, "number": 1}]}, "mtc1full.joint_tour_composition.time_component": {"result": [0.44858190000000064], "samples": [[0.44858190000000064]], "stats": [{"ci_99": [-Infinity, Infinity], "q_25": 0.44858190000000064, "q_75": 0.44858190000000064, "min": 0.44858190000000064, "max": 0.44858190000000064, "mean": 0.44858190000000064, "std": 0.0, "repeat": 1, "number": 1}]}, "mtc1full.joint_tour_destination.time_component": {"result": [7.894781699999996], "samples": [[7.894781699999996]], "stats": [{"ci_99": [-Infinity, Infinity], "q_25": 7.894781699999996, "q_75": 7.894781699999996, "min": 7.894781699999996, "max": 7.894781699999996, "mean": 7.894781699999996, "std": 0.0, "repeat": 1, "number": 1}]}, "mtc1full.joint_tour_frequency.time_component": {"result": [0.9003493999999961], "samples": [[0.9003493999999961]], "stats": [{"ci_99": [-Infinity, Infinity], "q_25": 0.9003493999999961, "q_75": 0.9003493999999961, "min": 0.9003493999999961, "max": 0.9003493999999961, "mean": 0.9003493999999961, "std": 0.0, "repeat": 1, "number": 1}]}, "mtc1full.joint_tour_participation.time_component": {"result": [2.767002099999999], "samples": [[2.767002099999999]], "stats": [{"ci_99": [-Infinity, Infinity], "q_25": 2.767002099999999, "q_75": 2.767002099999999, "min": 2.767002099999999, "max": 2.767002099999999, "mean": 2.767002099999999, "std": 0.0, "repeat": 1, "number": 1}]}, "mtc1full.joint_tour_scheduling.time_component": {"result": [1.8026710000000037], "samples": [[1.8026710000000037]], "stats": [{"ci_99": [-Infinity, Infinity], "q_25": 1.8026710000000037, "q_75": 1.8026710000000037, "min": 1.8026710000000037, "max": 1.8026710000000037, "mean": 1.8026710000000037, "std": 0.0, "repeat": 1, "number": 1}]}, "mtc1full.mandatory_tour_frequency.time_component": {"result": [1.3926116000000022], "samples": [[1.3926116000000022]], "stats": [{"ci_99": [-Infinity, Infinity], "q_25": 1.3926116000000022, "q_75": 1.3926116000000022, "min": 1.3926116000000022, "max": 1.3926116000000022, "mean": 1.3926116000000022, "std": 0.0, "repeat": 1, "number": 1}]}, "mtc1full.mandatory_tour_scheduling.time_component": {"result": [81.67594740000001], "samples": [[81.67594740000001]], "stats": [{"ci_99": [-Infinity, Infinity], "q_25": 81.67594740000001, "q_75": 81.67594740000001, "min": 81.67594740000001, "max": 81.67594740000001, "mean": 81.67594740000001, "std": 0.0, "repeat": 1, "number": 1}]}, "mtc1full.non_mandatory_tour_destination.time_component": {"result": [72.6181296], "samples": [[72.6181296]], "stats": [{"ci_99": [-Infinity, Infinity], "q_25": 72.6181296, "q_75": 72.6181296, "min": 72.6181296, "max": 72.6181296, "mean": 72.6181296, "std": 0.0, "repeat": 1, "number": 1}]}, "mtc1full.non_mandatory_tour_frequency.time_component": {"result": [22.1869425], "samples": [[22.1869425]], "stats": [{"ci_99": [-Infinity, Infinity], "q_25": 22.1869425, "q_75": 22.1869425, "min": 22.1869425, "max": 22.1869425, "mean": 22.1869425, "std": 0.0, "repeat": 1, "number": 1}]}, "mtc1full.non_mandatory_tour_scheduling.time_component": {"result": [24.370436400000003], "samples": [[24.370436400000003]], "stats": [{"ci_99": [-Infinity, Infinity], "q_25": 24.370436400000003, "q_75": 24.370436400000003, "min": 24.370436400000003, "max": 24.370436400000003, "mean": 24.370436400000003, "std": 0.0, "repeat": 1, "number": 1}]}, "mtc1full.school_location.time_component": {"result": [28.739370900000004], "samples": [[28.739370900000004]], "stats": [{"ci_99": [-Infinity, Infinity], "q_25": 28.739370900000004, "q_75": 28.739370900000004, "min": 28.739370900000004, "max": 28.739370900000004, "mean": 28.739370900000004, "std": 0.0, "repeat": 1, "number": 1}]}, "mtc1full.stop_frequency.time_component": {"result": [3.7801040000000015], "samples": [[3.7801040000000015]], "stats": [{"ci_99": [-Infinity, Infinity], "q_25": 3.7801040000000015, "q_75": 3.7801040000000015, "min": 3.7801040000000015, "max": 3.7801040000000015, "mean": 3.7801040000000015, "std": 0.0, "repeat": 1, "number": 1}]}, "mtc1full.tour_mode_choice_simulate.time_component": {"result": [18.504583200000006], "samples": [[18.504583200000006]], "stats": [{"ci_99": [-Infinity, Infinity], "q_25": 18.504583200000006, "q_75": 18.504583200000006, "min": 18.504583200000006, "max": 18.504583200000006, "mean": 18.504583200000006, "std": 0.0, "repeat": 1, "number": 1}]}, "mtc1full.trip_destination.time_component": {"result": [191.33675399999998], "samples": [[191.33675399999998]], "stats": [{"ci_99": [-Infinity, Infinity], "q_25": 191.33675399999998, "q_75": 191.33675399999998, "min": 191.33675399999998, "max": 191.33675399999998, "mean": 191.33675399999998, "std": 0.0, "repeat": 1, "number": 1}]}, "mtc1full.trip_mode_choice.time_component": {"result": [24.569672799999992], "samples": [[24.569672799999992]], "stats": [{"ci_99": [-Infinity, Infinity], "q_25": 24.569672799999992, "q_75": 24.569672799999992, "min": 24.569672799999992, "max": 24.569672799999992, "mean": 24.569672799999992, "std": 0.0, "repeat": 1, "number": 1}]}, "mtc1full.trip_purpose.time_component": {"result": [0.6452017000000012], "samples": [[0.6452017000000012]], "stats": [{"ci_99": [-Infinity, Infinity], "q_25": 0.6452017000000012, "q_75": 0.6452017000000012, "min": 0.6452017000000012, "max": 0.6452017000000012, "mean": 0.6452017000000012, "std": 0.0, "repeat": 1, "number": 1}]}, "mtc1full.trip_purpose_and_destination.time_component": {"result": [0.9875788000000014], "samples": [[0.9875788000000014]], "stats": [{"ci_99": [-Infinity, Infinity], "q_25": 0.9875788000000014, "q_75": 0.9875788000000014, "min": 0.9875788000000014, "max": 0.9875788000000014, "mean": 0.9875788000000014, "std": 0.0, "repeat": 1, "number": 1}]},